{
  "lazyCodeLoading": "requiredComponents",
  "easycom": {
    "autoscan": true,
    "custom": {
      "^u-(.*)": "@/uview-ui/components/u-$1/u-$1.vue"
    }
  },
  "pages": [
    //pages数组中第一项表示应用启动页，参考：https://uniapp.dcloud.io/collocation/pages
    {
      "path": "pages/index/aiChat",
      "style": {
        "navigationBarTitleText": "AI问答",
        "enablePullDownRefresh": false
      }
    },
    {
      "path": "pages/index/index",
      "style": {
        "navigationBarTitleText": "AI工具",
        "enablePullDownRefresh": false
      }
    },
    {
      "path": "pages/mine/index",
      "style": {
        "navigationBarTitleText": "个人中心",
        "enablePullDownRefresh": false
      }
    }
  ],
  "globalStyle": {
    "navigationBarTextStyle": "white",
    "navigationBarTitleText": "AI问答",
    "navigationBarBackgroundColor": "#007aff"
  },
  "tabBar": {
    "color": "#909399",
    "selectedColor": "#7966ff",
    "borderStyle": "black",
    "backgroundColor": "#ffffff",
    "list": [
      {
        "pagePath": "pages/index/index",
        "iconPath": "static/tabbar/home.png",
        "selectedIconPath": "static/tabbar/home_art.png",
        "text": "首页"
      },
      {
        "pagePath": "pages/mine/index",
        "iconPath": "static/tabbar/user.png",
        "selectedIconPath": "static/tabbar/user_art.png",
        "text": "我的"
      }
    ]
  },
  "uniIdRouter": {}
}
